{
  "label_mapping": {
    "0": "healthy",
    "1": "unhealthy"
  },
  "feature_names": {
    "heartrate": [
      "heart_rate",
      "spo2"
    ],
    "temperature": [
      "dht11_temp_c"
    ],
    "combined": [
      "heart_rate",
      "spo2",
      "dht11_temp_c"
    ]
  },
  "scaler_params": {
    "heartrate": {
      "mean": [
        109.66686135800069,
        95.17858310693543
      ],
      "std": [
        7.771792657938929,
        1.3673361847893746
      ]
    },
    "temperature": {
      "mean": [
        26.79538254624165
      ],
      "std": [
        0.6575746514829456
      ]
    },
    "combined": {
      "mean": [
        109.70712552105175,
        95.17124955105776,
        26.80053410752021
      ],
      "std": [
        8.034631732557294,
        1.3914961734149118,
        0.6301961890041852
      ]
    }
  },
  "class_weights": {
    "heartrate": {
      "0": 0.5186335403726708,
      "1": 13.916666666666666
    },
    "temperature": {
      "0": 0.532410971113722,
      "1": 8.2134375
    },
    "combined": {
      "0": 0.5186335403726708,
      "1": 13.916666666666666
    }
  },
  "dataset_sizes": {
    "heartrate": {
      "train": 3340,
      "test": 835,
      "features": 2
    },
    "temperature": {
      "train": 26283,
      "test": 6571,
      "features": 1
    },
    "combined": {
      "train": 3340,
      "test": 835,
      "features": 3
    }
  },
  "train_test_split": {
    "test_size": 0.2,
    "random_state": 42,
    "stratified": true
  },
  "preprocessing_date": "2025-11-12 19:43:27"
}